IDProject,Project
0,Baracuda
1,Astro
2,Amigos
3,Antique
4,Apollo
5,Astro
6,Atlantis
7,Aurora
8,Balto
9,Barcelona
10,Barney
11,Barracuda
12,Batman
13,Bender
14,Bigfish
15,Bigfoot
16,Bladerunner
17,Blue Moon
18,Blue Skywalkers
19,Bongo
20,Bordeaux
21,Bride of Buster
22,Bulldozer
23,Bullwinkle
24,Business as Unusual
25,Camelot
26,Canary
27,Casanova
28,Cascade
29,Cauldron
30,Caveman Lawyers
31,Charming Chicks
32,Cheerio
33,Cherrystone
34,Cinnamon
35,Cold Fusion
36,Colossus
37,Colusa
38,Constantine
39,Cowbelles
40,Crusader
41,Cyclone
42,Dagwood
43,Dangerous Rocks
44,Darwin
45,Deepmind
46,DejaVu
47,Dessert Storm
48,Diesel
49,Disco Divas
50,Disco Ninjas
51,Duracell
52,Duraflame
53,Durango
54,Eagle
55,Early First
56,Echo Lake
57,Edison
58,Einstein
59,Elixir
60,Elmer
61,Excalibur
62,Fester
63,Fireball
64,Firefly
65,Firestorm
66,Firetruck
67,Flamingo
68,Flyers
69,Fusion
70,Galactica
71,Gemini
72,Gold Star
73,Golden Bulls
74,Gray Panthers
75,Green Jade
76,Hades
77,Hercules
78,Hidden Hook
79,Honeycomb
80,Horned Frogs
81,Hornets
82,Husky Cat
83,Hydra
84,Indigo
85,Irongate
86,Ivory
87,Jaguar
88,Jonah
89,Jupiter
90,Kanga
91,KingFish
92,Kingsmen
93,Kodiak
94,Kryptonite
95,Laguna
96,Lemon Drops
97,Liberation
98,Liquid Sky
99,Lobster

